Image,Width,Height,Masks
0,128,128,1
1,128,128,1
2,128,128,1
3,128,128,1
4,128,128,1
5,128,128,1
6,128,128,1
7,128,128,1
8,128,128,1
9,128,128,1
10,128,128,1
11,128,128,1
12,128,128,1
13,128,128,1
14,128,128,1
15,128,128,1
16,128,128,1
17,128,128,1
18,128,128,1
19,128,128,1
20,128,128,1
21,128,128,1
22,128,128,1
23,128,128,1
24,128,128,1
25,128,128,1
26,128,128,1
27,128,128,1
28,128,128,1
29,128,128,1
30,128,128,1
31,128,128,1
32,128,128,1
33,128,128,1
34,128,128,1
35,128,128,1
36,128,128,1
37,128,128,1
38,128,128,1
39,128,128,1
40,128,128,1
41,128,128,1
42,128,128,1
43,128,128,1
44,128,128,1
45,128,128,1
46,128,128,1
47,128,128,1
48,128,128,1
49,128,128,1
50,128,128,1
51,128,128,1
52,128,128,1
53,128,128,1
54,128,128,1
55,128,128,1
56,128,128,1
57,128,128,1
58,128,128,1
59,128,128,1
60,128,128,1
61,128,128,1
62,128,128,1
63,128,128,1
64,128,128,1
65,128,128,1
66,128,128,1
67,128,128,1
68,128,128,1
69,128,128,1
70,128,128,1
71,128,128,1
72,128,128,1
73,128,128,1
74,128,128,1
75,128,128,1
76,128,128,1
77,128,128,1
78,128,128,1
79,128,128,1
80,128,128,1
81,128,128,1
82,128,128,1
83,128,128,1
84,128,128,1
85,128,128,1
86,128,128,1
87,128,128,1
88,128,128,1
89,128,128,1
90,128,128,1
91,128,128,1
92,128,128,1
93,128,128,1
94,128,128,1
95,128,128,1
96,128,128,1
97,128,128,1
98,128,128,1
99,128,128,1
100,128,128,1
101,128,128,1
102,128,128,1
103,128,128,1
104,128,128,1
105,128,128,1
106,128,128,1
107,128,128,1
108,128,128,1
109,128,128,1
110,128,128,1
111,128,128,1
112,128,128,1
113,128,128,1
114,128,128,1
115,128,128,1
116,128,128,1
117,128,128,1
118,128,128,1
119,128,128,1
120,128,128,1
121,128,128,1
122,128,128,1
123,128,128,1
124,128,128,1
125,128,128,1
126,128,128,1
127,128,128,1
128,128,128,1
129,128,128,1
130,128,128,1
131,128,128,1
132,128,128,1
133,128,128,1
134,128,128,1
135,128,128,1
136,128,128,1
137,128,128,1
138,128,128,1
139,128,128,1
140,128,128,1
141,128,128,1
142,128,128,1
143,128,128,1
144,128,128,1
145,128,128,1
146,128,128,1
147,128,128,1
148,128,128,1
149,128,128,1
150,128,128,1
151,128,128,1
152,128,128,1
153,128,128,1
154,128,128,1
155,128,128,1
156,128,128,1
157,128,128,1
158,128,128,1
159,128,128,1
160,128,128,1
161,128,128,1
162,128,128,1
163,128,128,1
164,128,128,1
165,128,128,1
166,128,128,1
167,128,128,1
168,128,128,1
169,128,128,1
170,128,128,1
171,128,128,1
172,128,128,1
173,128,128,1
174,128,128,1
175,128,128,1
176,128,128,1
177,128,128,1
178,128,128,1
179,128,128,1
180,128,128,1
181,128,128,1
182,128,128,1
183,128,128,1
184,128,128,1
185,128,128,1
186,128,128,1
187,128,128,1
188,128,128,1
189,128,128,1
190,128,128,1
191,128,128,1
192,128,128,1
193,128,128,1
194,128,128,1
195,128,128,1
196,128,128,1
197,128,128,1
198,128,128,1
199,128,128,1
200,128,128,1
201,128,128,1
202,128,128,1
203,128,128,1
204,128,128,1
205,128,128,1
206,128,128,1
207,128,128,1
208,128,128,1
209,128,128,1
210,128,128,1
211,128,128,1
212,128,128,1
213,128,128,1
214,128,128,1
215,128,128,1
216,128,128,1
217,128,128,1
218,128,128,1
219,128,128,1
220,128,128,1
221,128,128,1
222,128,128,1
223,128,128,1
224,128,128,1
225,128,128,1
226,128,128,1
227,128,128,1
228,128,128,1
229,128,128,1
230,128,128,1
231,128,128,1
232,128,128,1
233,128,128,1
234,128,128,1
235,128,128,1
236,128,128,1
237,128,128,1
238,128,128,1
239,128,128,1
240,128,128,1
241,128,128,1
242,128,128,1
243,128,128,1
244,128,128,1
245,128,128,1
246,128,128,1
247,128,128,1
248,128,128,1
249,128,128,1
250,128,128,1
251,128,128,1
252,128,128,1
253,128,128,1
254,128,128,1
255,128,128,1
256,128,128,1
257,128,128,1
258,128,128,1
259,128,128,1
260,128,128,1
261,128,128,1
262,128,128,1
263,128,128,1
264,128,128,1
265,128,128,1
266,128,128,1
267,128,128,1
268,128,128,1
269,128,128,1
270,128,128,1
271,128,128,1
272,128,128,1
273,128,128,1
274,128,128,1
275,128,128,1
276,128,128,1
277,128,128,1
278,128,128,1
279,128,128,1
280,128,128,1
281,128,128,1
282,128,128,1
283,128,128,1
284,128,128,1
285,128,128,1
286,128,128,1
287,128,128,1
288,128,128,1
289,128,128,1
290,128,128,1
291,128,128,1
292,128,128,1
293,128,128,1
294,128,128,1
295,128,128,1
296,128,128,1
297,128,128,1
298,128,128,1
299,128,128,1
300,128,128,1
301,128,128,1
302,128,128,1
303,128,128,1
304,128,128,1
305,128,128,1
306,128,128,1
307,128,128,1
308,128,128,1
309,128,128,1
310,128,128,1
311,128,128,1
312,128,128,1
313,128,128,1
314,128,128,1
315,128,128,1
316,128,128,1
317,128,128,1
318,128,128,1
319,128,128,1
320,128,128,1
321,128,128,1
322,128,128,1
323,128,128,1
324,128,128,1
325,128,128,1
326,128,128,1
327,128,128,1
328,128,128,1
329,128,128,1
330,128,128,1
331,128,128,1
332,128,128,1
333,128,128,1
334,128,128,1
335,128,128,1
336,128,128,1
337,128,128,1
338,128,128,1
339,128,128,1
340,128,128,1
341,128,128,1
342,128,128,1
343,128,128,1
344,128,128,1
345,128,128,1
346,128,128,1
347,128,128,1
348,128,128,1
349,128,128,1
350,128,128,1
351,128,128,1
352,128,128,1
353,128,128,1
354,128,128,1
355,128,128,1
356,128,128,1
357,128,128,1
358,128,128,1
359,128,128,1
360,128,128,1
361,128,128,1
362,128,128,1
363,128,128,1
364,128,128,1
365,128,128,1
366,128,128,1
367,128,128,1
368,128,128,1
369,128,128,1
370,128,128,1
371,128,128,1
372,128,128,1
373,128,128,1
374,128,128,1
375,128,128,1
376,128,128,1
377,128,128,1
378,128,128,1
379,128,128,1
380,128,128,1
381,128,128,1
382,128,128,1
383,128,128,1
384,128,128,1
385,128,128,1
386,128,128,1
387,128,128,1
388,128,128,1
389,128,128,1
390,128,128,1
391,128,128,1
392,128,128,1
393,128,128,1
394,128,128,1
395,128,128,1
396,128,128,1
397,128,128,1
398,128,128,1
399,128,128,1
400,128,128,1
401,128,128,1
402,128,128,1
403,128,128,1
404,128,128,1
405,128,128,1
406,128,128,1
407,128,128,1
408,128,128,1
409,128,128,1
410,128,128,1
411,128,128,1
412,128,128,1
413,128,128,1
414,128,128,1
415,128,128,1
416,128,128,1
417,128,128,1
418,128,128,1
419,128,128,1
420,128,128,1
421,128,128,1
422,128,128,1
423,128,128,1
424,128,128,1
425,128,128,1
426,128,128,1
427,128,128,1
428,128,128,1
429,128,128,1
430,128,128,1
431,128,128,1
432,128,128,1
433,128,128,1
434,128,128,1
435,128,128,1
436,128,128,1
437,128,128,1
438,128,128,1
439,128,128,1
440,128,128,1
441,128,128,1
442,128,128,1
443,128,128,1
444,128,128,1
445,128,128,1
446,128,128,1
447,128,128,1
448,128,128,1
449,128,128,1
450,128,128,1
451,128,128,1
452,128,128,1
453,128,128,1
454,128,128,1
455,128,128,1
456,128,128,1
457,128,128,1
458,128,128,1
459,128,128,1
460,128,128,1
461,128,128,1
462,128,128,1
463,128,128,1
464,128,128,1
465,128,128,1
466,128,128,1
467,128,128,1
468,128,128,1
469,128,128,1
470,128,128,1
471,128,128,1
472,128,128,1
473,128,128,1
474,128,128,1
475,128,128,1
476,128,128,1
477,128,128,1
478,128,128,1
479,128,128,1
480,128,128,1
481,128,128,1
482,128,128,1
483,128,128,1
484,128,128,1
485,128,128,1
486,128,128,1
487,128,128,1
488,128,128,1
489,128,128,1
490,128,128,1
491,128,128,1
492,128,128,1
493,128,128,1
494,128,128,1
495,128,128,1
496,128,128,1
497,128,128,1
498,128,128,1
499,128,128,1
500,128,128,1
501,128,128,1
502,128,128,1
503,128,128,1
504,128,128,1
505,128,128,1
506,128,128,1
507,128,128,1
508,128,128,1
509,128,128,1
510,128,128,1
511,128,128,1
512,128,128,1
513,128,128,1
514,128,128,1
515,128,128,1
516,128,128,1
517,128,128,1
518,128,128,1
519,128,128,1
520,128,128,1
521,128,128,1
522,128,128,1
523,128,128,1
524,128,128,1
525,128,128,1
526,128,128,1
527,128,128,1
528,128,128,1
529,128,128,1
530,128,128,1
531,128,128,1
532,128,128,1
533,128,128,1
534,128,128,1
535,128,128,1
536,128,128,1
537,128,128,1
538,128,128,1
539,128,128,1
540,128,128,1
541,128,128,1
542,128,128,1
543,128,128,1
544,128,128,1
545,128,128,1
546,128,128,1
547,128,128,1
548,128,128,1
549,128,128,1
550,128,128,1
551,128,128,1
552,128,128,1
553,128,128,1
554,128,128,1
555,128,128,1
556,128,128,1
557,128,128,1
558,128,128,1
559,128,128,1
560,128,128,1
561,128,128,1
562,128,128,1
563,128,128,1
564,128,128,1
565,128,128,1
566,128,128,1
567,128,128,1
568,128,128,1
569,128,128,1
570,128,128,1
571,128,128,1
572,128,128,1
573,128,128,1
574,128,128,1
575,128,128,1
576,128,128,1
577,128,128,1
578,128,128,1
579,128,128,1
580,128,128,1
581,128,128,1
582,128,128,1
583,128,128,1
584,128,128,1
585,128,128,1
586,128,128,1
587,128,128,1
588,128,128,1
589,128,128,1
590,128,128,1
591,128,128,1
592,128,128,1
593,128,128,1
594,128,128,1
595,128,128,1
596,128,128,1
597,128,128,1
598,128,128,1
599,128,128,1
600,128,128,1
601,128,128,1
602,128,128,1
603,128,128,1
604,128,128,1
605,128,128,1
606,128,128,1
607,128,128,1
608,128,128,1
609,128,128,1
610,128,128,1
611,128,128,1
612,128,128,1
613,128,128,1
614,128,128,1
615,128,128,1
616,128,128,1
617,128,128,1
618,128,128,1
619,128,128,1
620,128,128,1
621,128,128,1
622,128,128,1
623,128,128,1
624,128,128,1
625,128,128,1
626,128,128,1
627,128,128,1
628,128,128,1
629,128,128,1
630,128,128,1
631,128,128,1
632,128,128,1
633,128,128,1
634,128,128,1
635,128,128,1
636,128,128,1
637,128,128,1
638,128,128,1
639,128,128,1
640,128,128,1
641,128,128,1
642,128,128,1
643,128,128,1
644,128,128,1
645,128,128,1
646,128,128,1
647,128,128,1
648,128,128,1
649,128,128,1
650,128,128,1
651,128,128,1
652,128,128,1
653,128,128,1
654,128,128,1
655,128,128,1
656,128,128,1
657,128,128,1
658,128,128,1
659,128,128,1
660,128,128,1
661,128,128,1
662,128,128,1
663,128,128,1
664,128,128,1
665,128,128,1
666,128,128,1
667,128,128,1
668,128,128,1
669,128,128,1
